city,api_city,province,source_name
北京,北京市,北京,北京市
天津,天津市,天津,天津市
上海,上海市,上海,上海市
重庆,重庆市,重庆,重庆市
石家庄,石家庄市,河北,石家庄市
唐山,唐山市,河北,唐山市
秦皇岛,秦皇岛市,河北,秦皇岛市
邯郸,邯郸市,河北,邯郸市
邢台,邢台市,河北,邢台市
保定,保定市,河北,保定市
张家口,张家口市,河北,张家口市
承德,承德市,河北,承德市
沧州,沧州市,河北,沧州市
廊坊,廊坊市,河北,廊坊市
衡水,衡水市,河北,衡水市
太原,太原市,山西,太原市
大同,大同市,山西,大同市
阳泉,阳泉市,山西,阳泉市
长治,长治市,山西,长治市
晋城,晋城市,山西,晋城市
朔州,朔州市,山西,朔州市
晋中,晋中市,山西,晋中市
运城,运城市,山西,运城市
忻州,忻州市,山西,忻州市
临汾,临汾市,山西,临汾市
吕梁,吕梁市,山西,吕梁市
呼和浩特,呼和浩特市,内蒙古,呼和浩特市
包头,包头市,内蒙古,包头市
乌海,乌海市,内蒙古,乌海市
赤峰,赤峰市,内蒙古,赤峰市
通辽,通辽市,内蒙古,通辽市
鄂尔多斯,鄂尔多斯市,内蒙古,鄂尔多斯市
呼伦贝尔,呼伦贝尔市,内蒙古,呼伦贝尔市
巴彦淖尔,巴彦淖尔市,内蒙古,巴彦淖尔市
乌兰察布,乌兰察布市,内蒙古,乌兰察布市
兴安,兴安盟,内蒙古,兴安盟
锡林郭勒,锡林郭勒盟,内蒙古,锡林郭勒盟
阿拉善,阿拉善盟,内蒙古,阿拉善盟
沈阳,沈阳市,辽宁,沈阳市
大连,大连市,辽宁,大连市
鞍山,鞍山市,辽宁,鞍山市
抚顺,抚顺市,辽宁,抚顺市
本溪,本溪市,辽宁,本溪市
丹东,丹东市,辽宁,丹东市
锦州,锦州市,辽宁,锦州市
营口,营口市,辽宁,营口市
阜新,阜新市,辽宁,阜新市
辽阳,辽阳市,辽宁,辽阳市
盘锦,盘锦市,辽宁,盘锦市
铁岭,铁岭市,辽宁,铁岭市
朝阳,朝阳市,辽宁,朝阳市
葫芦岛,葫芦岛市,辽宁,葫芦岛市
长春,长春市,吉林,长春市
吉林,吉林市,吉林,吉林市
四平,四平市,吉林,四平市
辽源,辽源市,吉林,辽源市
通化,通化市,吉林,通化市
白山,白山市,吉林,白山市
松原,松原市,吉林,松原市
白城,白城市,吉林,白城市
延边,延边朝鲜族自治州,吉林,延边朝鲜族自治州
哈尔滨,哈尔滨市,黑龙江,哈尔滨市
齐齐哈尔,齐齐哈尔市,黑龙江,齐齐哈尔市
鸡西,鸡西市,黑龙江,鸡西市
鹤岗,鹤岗市,黑龙江,鹤岗市
双鸭山,双鸭山市,黑龙江,双鸭山市
大庆,大庆市,黑龙江,大庆市
伊春,伊春市,黑龙江,伊春市
佳木斯,佳木斯市,黑龙江,佳木斯市
七台河,七台河市,黑龙江,七台河市
牡丹江,牡丹江市,黑龙江,牡丹江市
黑河,黑河市,黑龙江,黑河市
绥化,绥化市,黑龙江,绥化市
大兴安岭,大兴安岭地区,黑龙江,大兴安岭地区
南京,南京市,江苏,南京市
无锡,无锡市,江苏,无锡市
徐州,徐州市,江苏,徐州市
常州,常州市,江苏,常州市
苏州,苏州市,江苏,苏州市
南通,南通市,江苏,南通市
连云港,连云港市,江苏,连云港市
淮安,淮安市,江苏,淮安市
盐城,盐城市,江苏,盐城市
扬州,扬州市,江苏,扬州市
镇江,镇江市,江苏,镇江市
泰州,泰州市,江苏,泰州市
宿迁,宿迁市,江苏,宿迁市
杭州,杭州市,浙江,杭州市
宁波,宁波市,浙江,宁波市
温州,温州市,浙江,温州市
嘉兴,嘉兴市,浙江,嘉兴市
湖州,湖州市,浙江,湖州市
绍兴,绍兴市,浙江,绍兴市
金华,金华市,浙江,金华市
衢州,衢州市,浙江,衢州市
舟山,舟山市,浙江,舟山市
台州,台州市,浙江,台州市
丽水,丽水市,浙江,丽水市
合肥,合肥市,安徽,合肥市
芜湖,芜湖市,安徽,芜湖市
蚌埠,蚌埠市,安徽,蚌埠市
淮南,淮南市,安徽,淮南市
马鞍山,马鞍山市,安徽,马鞍山市
淮北,淮北市,安徽,淮北市
铜陵,铜陵市,安徽,铜陵市
安庆,安庆市,安徽,安庆市
黄山,黄山市,安徽,黄山市
滁州,滁州市,安徽,滁州市
阜阳,阜阳市,安徽,阜阳市
宿州,宿州市,安徽,宿州市
六安,六安市,安徽,六安市
亳州,亳州市,安徽,亳州市
池州,池州市,安徽,池州市
宣城,宣城市,安徽,宣城市
福州,福州市,福建,福州市
厦门,厦门市,福建,厦门市
莆田,莆田市,福建,莆田市
三明,三明市,福建,三明市
泉州,泉州市,福建,泉州市
漳州,漳州市,福建,漳州市
南平,南平市,福建,南平市
龙岩,龙岩市,福建,龙岩市
宁德,宁德市,福建,宁德市
南昌,南昌市,江西,南昌市
景德镇,景德镇市,江西,景德镇市
萍乡,萍乡市,江西,萍乡市
九江,九江市,江西,九江市
新余,新余市,江西,新余市
鹰潭,鹰潭市,江西,鹰潭市
赣州,赣州市,江西,赣州市
吉安,吉安市,江西,吉安市
宜春,宜春市,江西,宜春市
抚州,抚州市,江西,抚州市
上饶,上饶市,江西,上饶市
济南,济南市,山东,济南市
青岛,青岛市,山东,青岛市
淄博,淄博市,山东,淄博市
枣庄,枣庄市,山东,枣庄市
东营,东营市,山东,东营市
烟台,烟台市,山东,烟台市
潍坊,潍坊市,山东,潍坊市
济宁,济宁市,山东,济宁市
泰安,泰安市,山东,泰安市
威海,威海市,山东,威海市
日照,日照市,山东,日照市
临沂,临沂市,山东,临沂市
德州,德州市,山东,德州市
聊城,聊城市,山东,聊城市
滨州,滨州市,山东,滨州市
菏泽,菏泽市,山东,菏泽市
郑州,郑州市,河南,郑州市
开封,开封市,河南,开封市
洛阳,洛阳市,河南,洛阳市
平顶山,平顶山市,河南,平顶山市
安阳,安阳市,河南,安阳市
鹤壁,鹤壁市,河南,鹤壁市
新乡,新乡市,河南,新乡市
焦作,焦作市,河南,焦作市
濮阳,濮阳市,河南,濮阳市
许昌,许昌市,河南,许昌市
漯河,漯河市,河南,漯河市
三门峡,三门峡市,河南,三门峡市
南阳,南阳市,河南,南阳市
商丘,商丘市,河南,商丘市
信阳,信阳市,河南,信阳市
周口,周口市,河南,周口市
驻马店,驻马店市,河南,驻马店市
武汉,武汉市,湖北,武汉市
黄石,黄石市,湖北,黄石市
十堰,十堰市,湖北,十堰市
宜昌,宜昌市,湖北,宜昌市
襄阳,襄阳市,湖北,襄阳市
鄂州,鄂州市,湖北,鄂州市
荆门,荆门市,湖北,荆门市
孝感,孝感市,湖北,孝感市
荆州,荆州市,湖北,荆州市
黄冈,黄冈市,湖北,黄冈市
咸宁,咸宁市,湖北,咸宁市
随州,随州市,湖北,随州市
恩施,恩施土家族苗族自治州,湖北,恩施土家族苗族自治州
长沙,长沙市,湖南,长沙市
株洲,株洲市,湖南,株洲市
湘潭,湘潭市,湖南,湘潭市
衡阳,衡阳市,湖南,衡阳市
邵阳,邵阳市,湖南,邵阳市
岳阳,岳阳市,湖南,岳阳市
常德,常德市,湖南,常德市
张家界,张家界市,湖南,张家界市
益阳,益阳市,湖南,益阳市
郴州,郴州市,湖南,郴州市
永州,永州市,湖南,永州市
怀化,怀化市,湖南,怀化市
娄底,娄底市,湖南,娄底市
湘西,湘西土家族苗族自治州,湖南,湘西土家族苗族自治州
广州,广州市,广东,广州市
韶关,韶关市,广东,韶关市
深圳,深圳市,广东,深圳市
珠海,珠海市,广东,珠海市
汕头,汕头市,广东,汕头市
佛山,佛山市,广东,佛山市
江门,江门市,广东,江门市
湛江,湛江市,广东,湛江市
茂名,茂名市,广东,茂名市
肇庆,肇庆市,广东,肇庆市
惠州,惠州市,广东,惠州市
梅州,梅州市,广东,梅州市
汕尾,汕尾市,广东,汕尾市
河源,河源市,广东,河源市
阳江,阳江市,广东,阳江市
清远,清远市,广东,清远市
东莞,东莞市,广东,东莞市
中山,中山市,广东,中山市
潮州,潮州市,广东,潮州市
揭阳,揭阳市,广东,揭阳市
云浮,云浮市,广东,云浮市
南宁,南宁市,广西,南宁市
柳州,柳州市,广西,柳州市
桂林,桂林市,广西,桂林市
梧州,梧州市,广西,梧州市
北海,北海市,广西,北海市
防城港,防城港市,广西,防城港市
钦州,钦州市,广西,钦州市
贵港,贵港市,广西,贵港市
玉林,玉林市,广西,玉林市
百色,百色市,广西,百色市
贺州,贺州市,广西,贺州市
河池,河池市,广西,河池市
来宾,来宾市,广西,来宾市
崇左,崇左市,广西,崇左市
海口,海口市,海南,海口市
三亚,三亚市,海南,三亚市
三沙,三沙市,海南,三沙市
儋州,儋州市,海南,儋州市
成都,成都市,四川,成都市
自贡,自贡市,四川,自贡市
攀枝花,攀枝花市,四川,攀枝花市
泸州,泸州市,四川,泸州市
德阳,德阳市,四川,德阳市
绵阳,绵阳市,四川,绵阳市
广元,广元市,四川,广元市
遂宁,遂宁市,四川,遂宁市
内江,内江市,四川,内江市
乐山,乐山市,四川,乐山市
南充,南充市,四川,南充市
眉山,眉山市,四川,眉山市
宜宾,宜宾市,四川,宜宾市
广安,广安市,四川,广安市
达州,达州市,四川,达州市
雅安,雅安市,四川,雅安市
巴中,巴中市,四川,巴中市
资阳,资阳市,四川,资阳市
阿坝,阿坝藏族羌族自治州,四川,阿坝藏族羌族自治州
甘孜,甘孜藏族自治州,四川,甘孜藏族自治州
凉山,凉山彝族自治州,四川,凉山彝族自治州
贵阳,贵阳市,贵州,贵阳市
六盘水,六盘水市,贵州,六盘水市
遵义,遵义市,贵州,遵义市
安顺,安顺市,贵州,安顺市
毕节,毕节市,贵州,毕节市
铜仁,铜仁市,贵州,铜仁市
黔西南,黔西南布依族苗族自治州,贵州,黔西南布依族苗族自治州
黔东南,黔东南苗族侗族自治州,贵州,黔东南苗族侗族自治州
黔南,黔南布依族苗族自治州,贵州,黔南布依族苗族自治州
昆明,昆明市,云南,昆明市
曲靖,曲靖市,云南,曲靖市
玉溪,玉溪市,云南,玉溪市
保山,保山市,云南,保山市
昭通,昭通市,云南,昭通市
丽江,丽江市,云南,丽江市
普洱,普洱市,云南,普洱市
临沧,临沧市,云南,临沧市
楚雄,楚雄彝族自治州,云南,楚雄彝族自治州
红河哈尼族,红河哈尼族彝族自治州,云南,红河哈尼族彝族自治州
文山,文山壮族苗族自治州,云南,文山壮族苗族自治州
西双版纳,西双版纳傣族自治州,云南,西双版纳傣族自治州
大理,大理白族自治州,云南,大理白族自治州
德宏景颇族,德宏傣族景颇族自治州,云南,德宏傣族景颇族自治州
怒江,怒江傈僳族自治州,云南,怒江傈僳族自治州
迪庆,迪庆藏族自治州,云南,迪庆藏族自治州
拉萨,拉萨市,西藏,拉萨市
日喀则,日喀则市,西藏,日喀则市
昌都,昌都市,西藏,昌都市
林芝,林芝市,西藏,林芝市
山南,山南市,西藏,山南市
那曲,那曲市,西藏,那曲市
阿里,阿里地区,西藏,阿里地区
西安,西安市,陕西,西安市
铜川,铜川市,陕西,铜川市
宝鸡,宝鸡市,陕西,宝鸡市
咸阳,咸阳市,陕西,咸阳市
渭南,渭南市,陕西,渭南市
延安,延安市,陕西,延安市
汉中,汉中市,陕西,汉中市
榆林,榆林市,陕西,榆林市
安康,安康市,陕西,安康市
商洛,商洛市,陕西,商洛市
兰州,兰州市,甘肃,兰州市
嘉峪关,嘉峪关市,甘肃,嘉峪关市
金昌,金昌市,甘肃,金昌市
白银,白银市,甘肃,白银市
天水,天水市,甘肃,天水市
武威,武威市,甘肃,武威市
张掖,张掖市,甘肃,张掖市
平凉,平凉市,甘肃,平凉市
酒泉,酒泉市,甘肃,酒泉市
庆阳,庆阳市,甘肃,庆阳市
定西,定西市,甘肃,定西市
陇南,陇南市,甘肃,陇南市
临夏,临夏回族自治州,甘肃,临夏回族自治州
甘南,甘南藏族自治州,甘肃,甘南藏族自治州
西宁,西宁市,青海,西宁市
海东,海东市,青海,海东市
海北,海北藏族自治州,青海,海北藏族自治州
黄南,黄南藏族自治州,青海,黄南藏族自治州
海南,海南藏族自治州,青海,海南藏族自治州
果洛,果洛藏族自治州,青海,果洛藏族自治州
玉树,玉树藏族自治州,青海,玉树藏族自治州
海西,海西蒙古族藏族自治州,青海,海西蒙古族藏族自治州
银川,银川市,宁夏,银川市
石嘴山,石嘴山市,宁夏,石嘴山市
吴忠,吴忠市,宁夏,吴忠市
固原,固原市,宁夏,固原市
中卫,中卫市,宁夏,中卫市
乌鲁木齐,乌鲁木齐市,新疆,乌鲁木齐市
克拉玛依,克拉玛依市,新疆,克拉玛依市
吐鲁番,吐鲁番市,新疆,吐鲁番市
哈密,哈密市,新疆,哈密市
昌吉,昌吉回族自治州,新疆,昌吉回族自治州
博尔塔拉,博尔塔拉蒙古自治州,新疆,博尔塔拉蒙古自治州
巴音郭楞,巴音郭楞蒙古自治州,新疆,巴音郭楞蒙古自治州
阿克苏,阿克苏地区,新疆,阿克苏地区
克孜勒苏,克孜勒苏柯尔克孜自治州,新疆,克孜勒苏柯尔克孜自治州
喀什,喀什地区,新疆,喀什地区
和田,和田地区,新疆,和田地区
伊犁,伊犁哈萨克自治州,新疆,伊犁哈萨克自治州
塔城,塔城地区,新疆,塔城地区
阿勒泰,阿勒泰地区,新疆,阿勒泰地区
湖北省-自治区直辖县级行政区划,湖北省-自治区直辖县级行政区划,湖北,湖北省-自治区直辖县级行政区划
海南省-自治区直辖县级行政区划,海南省-自治区直辖县级行政区划,海南,海南省-自治区直辖县级行政区划
新疆维吾尔自治区-自治区直辖县级行政区划,新疆维吾尔自治区-自治区直辖县级行政区划,新疆,新疆维吾尔自治区-自治区直辖县级行政区划
河南省-省直辖县级行政区划,河南省-省直辖县级行政区划,河南,河南省-省直辖县级行政区划
辛集,辛集市,河北,辛集市
晋州,晋州市,河北,晋州市
新乐,新乐市,河北,新乐市
遵化,遵化市,河北,遵化市
迁安,迁安市,河北,迁安市
滦州,滦州市,河北,滦州市
武安,武安市,河北,武安市
南宫,南宫市,河北,南宫市
沙河,沙河市,河北,沙河市
涿州,涿州市,河北,涿州市
定州,定州市,河北,定州市
安国,安国市,河北,安国市
高碑店,高碑店市,河北,高碑店市
平泉,平泉市,河北,平泉市
泊头,泊头市,河北,泊头市
任丘,任丘市,河北,任丘市
黄骅,黄骅市,河北,黄骅市
河间,河间市,河北,河间市
霸州,霸州市,河北,霸州市
三河,三河市,河北,三河市
深州,深州市,河北,深州市
古交,古交市,山西,古交市
高平,高平市,山西,高平市
怀仁,怀仁市,山西,怀仁市
介休,介休市,山西,介休市
永济,永济市,山西,永济市
河津,河津市,山西,河津市
原平,原平市,山西,原平市
侯马,侯马市,山西,侯马市
霍州,霍州市,山西,霍州市
孝义,孝义市,山西,孝义市
汾阳,汾阳市,山西,汾阳市
霍林郭勒,霍林郭勒市,内蒙古,霍林郭勒市
满洲里,满洲里市,内蒙古,满洲里市
牙克石,牙克石市,内蒙古,牙克石市
扎兰屯,扎兰屯市,内蒙古,扎兰屯市
额尔古纳,额尔古纳市,内蒙古,额尔古纳市
根河,根河市,内蒙古,根河市
丰镇,丰镇市,内蒙古,丰镇市
乌兰浩特,乌兰浩特市,内蒙古,乌兰浩特市
阿尔山,阿尔山市,内蒙古,阿尔山市
二连浩特,二连浩特市,内蒙古,二连浩特市
锡林浩特,锡林浩特市,内蒙古,锡林浩特市
新民,新民市,辽宁,新民市
瓦房店,瓦房店市,辽宁,瓦房店市
庄河,庄河市,辽宁,庄河市
海城,海城市,辽宁,海城市
东港,东港市,辽宁,东港市
凤城,凤城市,辽宁,凤城市
凌海,凌海市,辽宁,凌海市
北镇,北镇市,辽宁,北镇市
盖州,盖州市,辽宁,盖州市
大石桥,大石桥市,辽宁,大石桥市
灯塔,灯塔市,辽宁,灯塔市
调兵山,调兵山市,辽宁,调兵山市
开原,开原市,辽宁,开原市
北票,北票市,辽宁,北票市
凌源,凌源市,辽宁,凌源市
兴城,兴城市,辽宁,兴城市
榆树,榆树市,吉林,榆树市
德惠,德惠市,吉林,德惠市
公主岭,公主岭市,吉林,公主岭市
蛟河,蛟河市,吉林,蛟河市
桦甸,桦甸市,吉林,桦甸市
舒兰,舒兰市,吉林,舒兰市
磐石,磐石市,吉林,磐石市
双辽,双辽市,吉林,双辽市
梅河口,梅河口市,吉林,梅河口市
集安,集安市,吉林,集安市
临江,临江市,吉林,临江市
扶余,扶余市,吉林,扶余市
洮南,洮南市,吉林,洮南市
大安,大安市,吉林,大安市
延吉,延吉市,吉林,延吉市
图们,图们市,吉林,图们市
敦化,敦化市,吉林,敦化市
珲春,珲春市,吉林,珲春市
龙井,龙井市,吉林,龙井市
和龙,和龙市,吉林,和龙市
尚志,尚志市,黑龙江,尚志市
五常,五常市,黑龙江,五常市
讷河,讷河市,黑龙江,讷河市
虎林,虎林市,黑龙江,虎林市
密山,密山市,黑龙江,密山市
铁力,铁力市,黑龙江,铁力市
同江,同江市,黑龙江,同江市
富锦,富锦市,黑龙江,富锦市
抚远,抚远市,黑龙江,抚远市
绥芬河,绥芬河市,黑龙江,绥芬河市
海林,海林市,黑龙江,海林市
宁安,宁安市,黑龙江,宁安市
穆棱,穆棱市,黑龙江,穆棱市
东宁,东宁市,黑龙江,东宁市
北安,北安市,黑龙江,北安市
五大连池,五大连池市,黑龙江,五大连池市
嫩江,嫩江市,黑龙江,嫩江市
安达,安达市,黑龙江,安达市
肇东,肇东市,黑龙江,肇东市
海伦,海伦市,黑龙江,海伦市
漠河,漠河市,黑龙江,漠河市
江阴,江阴市,江苏,江阴市
宜兴,宜兴市,江苏,宜兴市
新沂,新沂市,江苏,新沂市
邳州,邳州市,江苏,邳州市
溧阳,溧阳市,江苏,溧阳市
常熟,常熟市,江苏,常熟市
张家港,张家港市,江苏,张家港市
昆山,昆山市,江苏,昆山市
太仓,太仓市,江苏,太仓市
启东,启东市,江苏,启东市
如皋,如皋市,江苏,如皋市
海安,海安市,江苏,海安市
东台,东台市,江苏,东台市
仪征,仪征市,江苏,仪征市
高邮,高邮市,江苏,高邮市
丹阳,丹阳市,江苏,丹阳市
扬中,扬中市,江苏,扬中市
句容,句容市,江苏,句容市
兴化,兴化市,江苏,兴化市
靖江,靖江市,江苏,靖江市
泰兴,泰兴市,江苏,泰兴市
建德,建德市,浙江,建德市
余姚,余姚市,浙江,余姚市
慈溪,慈溪市,浙江,慈溪市
瑞安,瑞安市,浙江,瑞安市
乐清,乐清市,浙江,乐清市
龙港,龙港市,浙江,龙港市
海宁,海宁市,浙江,海宁市
平湖,平湖市,浙江,平湖市
桐乡,桐乡市,浙江,桐乡市
诸暨,诸暨市,浙江,诸暨市
嵊州,嵊州市,浙江,嵊州市
兰溪,兰溪市,浙江,兰溪市
义乌,义乌市,浙江,义乌市
东阳,东阳市,浙江,东阳市
永康,永康市,浙江,永康市
江山,江山市,浙江,江山市
温岭,温岭市,浙江,温岭市
临海,临海市,浙江,临海市
玉环,玉环市,浙江,玉环市
龙泉,龙泉市,浙江,龙泉市
巢湖,巢湖市,安徽,巢湖市
无为,无为市,安徽,无为市
桐城,桐城市,安徽,桐城市
潜山,潜山市,安徽,潜山市
天长,天长市,安徽,天长市
明光,明光市,安徽,明光市
界首,界首市,安徽,界首市
宁国,宁国市,安徽,宁国市
广德,广德市,安徽,广德市
福清,福清市,福建,福清市
永安,永安市,福建,永安市
石狮,石狮市,福建,石狮市
晋江,晋江市,福建,晋江市
南安,南安市,福建,南安市
龙海,龙海市,福建,龙海市
邵武,邵武市,福建,邵武市
武夷山,武夷山市,福建,武夷山市
建瓯,建瓯市,福建,建瓯市
漳平,漳平市,福建,漳平市
福安,福安市,福建,福安市
福鼎,福鼎市,福建,福鼎市
乐平,乐平市,江西,乐平市
瑞昌,瑞昌市,江西,瑞昌市
共青城,共青城市,江西,共青城市
庐山,庐山市,江西,庐山市
贵溪,贵溪市,江西,贵溪市
瑞金,瑞金市,江西,瑞金市
龙南,龙南市,江西,龙南市
井冈山,井冈山市,江西,井冈山市
丰城,丰城市,江西,丰城市
樟树,樟树市,江西,樟树市
高安,高安市,江西,高安市
德兴,德兴市,江西,德兴市
胶州,胶州市,山东,胶州市
平度,平度市,山东,平度市
莱西,莱西市,山东,莱西市
滕州,滕州市,山东,滕州市
龙口,龙口市,山东,龙口市
莱阳,莱阳市,山东,莱阳市
莱州,莱州市,山东,莱州市
招远,招远市,山东,招远市
栖霞,栖霞市,山东,栖霞市
海阳,海阳市,山东,海阳市
青州,青州市,山东,青州市
诸城,诸城市,山东,诸城市
寿光,寿光市,山东,寿光市
安丘,安丘市,山东,安丘市
高密,高密市,山东,高密市
昌邑,昌邑市,山东,昌邑市
曲阜,曲阜市,山东,曲阜市
邹城,邹城市,山东,邹城市
新泰,新泰市,山东,新泰市
肥城,肥城市,山东,肥城市
荣成,荣成市,山东,荣成市
乳山,乳山市,山东,乳山市
乐陵,乐陵市,山东,乐陵市
禹城,禹城市,山东,禹城市
临清,临清市,山东,临清市
邹平,邹平市,山东,邹平市
巩义,巩义市,河南,巩义市
荥阳,荥阳市,河南,荥阳市
新密,新密市,河南,新密市
新郑,新郑市,河南,新郑市
登封,登封市,河南,登封市
偃师,偃师市,河南,偃师市
舞钢,舞钢市,河南,舞钢市
汝州,汝州市,河南,汝州市
林州,林州市,河南,林州市
卫辉,卫辉市,河南,卫辉市
辉县,辉县市,河南,辉县市
长垣,长垣市,河南,长垣市
沁阳,沁阳市,河南,沁阳市
孟州,孟州市,河南,孟州市
禹州,禹州市,河南,禹州市
长葛,长葛市,河南,长葛市
义马,义马市,河南,义马市
灵宝,灵宝市,河南,灵宝市
邓州,邓州市,河南,邓州市
永城,永城市,河南,永城市
项城,项城市,河南,项城市
济源,济源市,河南,济源市
大冶,大冶市,湖北,大冶市
丹江口,丹江口市,湖北,丹江口市
宜都,宜都市,湖北,宜都市
当阳,当阳市,湖北,当阳市
枝江,枝江市,湖北,枝江市
老河口,老河口市,湖北,老河口市
枣阳,枣阳市,湖北,枣阳市
宜城,宜城市,湖北,宜城市
钟祥,钟祥市,湖北,钟祥市
京山,京山市,湖北,京山市
应城,应城市,湖北,应城市
安陆,安陆市,湖北,安陆市
汉川,汉川市,湖北,汉川市
石首,石首市,湖北,石首市
洪湖,洪湖市,湖北,洪湖市
松滋,松滋市,湖北,松滋市
监利,监利市,湖北,监利市
麻城,麻城市,湖北,麻城市
武穴,武穴市,湖北,武穴市
赤壁,赤壁市,湖北,赤壁市
广水,广水市,湖北,广水市
利川,利川市,湖北,利川市
仙桃,仙桃市,湖北,仙桃市
潜江,潜江市,湖北,潜江市
天门,天门市,湖北,天门市
浏阳,浏阳市,湖南,浏阳市
宁乡,宁乡市,湖南,宁乡市
醴陵,醴陵市,湖南,醴陵市
湘乡,湘乡市,湖南,湘乡市
韶山,韶山市,湖南,韶山市
耒阳,耒阳市,湖南,耒阳市
常宁,常宁市,湖南,常宁市
武冈,武冈市,湖南,武冈市
邵东,邵东市,湖南,邵东市
汨罗,汨罗市,湖南,汨罗市
临湘,临湘市,湖南,临湘市
津市,津市市,湖南,津市市
沅江,沅江市,湖南,沅江市
资兴,资兴市,湖南,资兴市
洪江,洪江市,湖南,洪江市
冷水江,冷水江市,湖南,冷水江市
涟源,涟源市,湖南,涟源市
吉首,吉首市,湖南,吉首市
乐昌,乐昌市,广东,乐昌市
南雄,南雄市,广东,南雄市
台山,台山市,广东,台山市
开平,开平市,广东,开平市
鹤山,鹤山市,广东,鹤山市
恩平,恩平市,广东,恩平市
廉江,廉江市,广东,廉江市
雷州,雷州市,广东,雷州市
吴川,吴川市,广东,吴川市
高州,高州市,广东,高州市
化州,化州市,广东,化州市
信宜,信宜市,广东,信宜市
四会,四会市,广东,四会市
兴宁,兴宁市,广东,兴宁市
陆丰,陆丰市,广东,陆丰市
阳春,阳春市,广东,阳春市
英德,英德市,广东,英德市
连州,连州市,广东,连州市
普宁,普宁市,广东,普宁市
罗定,罗定市,广东,罗定市
荔浦,荔浦市,广西,荔浦市
岑溪,岑溪市,广西,岑溪市
东兴,东兴市,广西,东兴市
桂平,桂平市,广西,桂平市
北流,北流市,广西,北流市
靖西,靖西市,广西,靖西市
平果,平果市,广西,平果市
合山,合山市,广西,合山市
凭祥,凭祥市,广西,凭祥市
五指山,五指山市,海南,五指山市
琼海,琼海市,海南,琼海市
文昌,文昌市,海南,文昌市
万宁,万宁市,海南,万宁市
东方,东方市,海南,东方市
都江堰,都江堰市,四川,都江堰市
彭州,彭州市,四川,彭州市
邛崃,邛崃市,四川,邛崃市
崇州,崇州市,四川,崇州市
简阳,简阳市,四川,简阳市
广汉,广汉市,四川,广汉市
什邡,什邡市,四川,什邡市
绵竹,绵竹市,四川,绵竹市
江油,江油市,四川,江油市
射洪,射洪市,四川,射洪市
隆昌,隆昌市,四川,隆昌市
峨眉山,峨眉山市,四川,峨眉山市
阆中,阆中市,四川,阆中市
华蓥,华蓥市,四川,华蓥市
万源,万源市,四川,万源市
马尔康,马尔康市,四川,马尔康市
康定,康定市,四川,康定市
西昌,西昌市,四川,西昌市
清镇,清镇市,贵州,清镇市
盘州,盘州市,贵州,盘州市
赤水,赤水市,贵州,赤水市
仁怀,仁怀市,贵州,仁怀市
兴义,兴义市,贵州,兴义市
兴仁,兴仁市,贵州,兴仁市
凯里,凯里市,贵州,凯里市
都匀,都匀市,贵州,都匀市
福泉,福泉市,贵州,福泉市
安宁,安宁市,云南,安宁市
宣威,宣威市,云南,宣威市
澄江,澄江市,云南,澄江市
腾冲,腾冲市,云南,腾冲市
水富,水富市,云南,水富市
个旧,个旧市,云南,个旧市
开远,开远市,云南,开远市
蒙自,蒙自市,云南,蒙自市
弥勒,弥勒市,云南,弥勒市
景洪,景洪市,云南,景洪市
瑞丽,瑞丽市,云南,瑞丽市
芒,芒市,云南,芒市
泸水,泸水市,云南,泸水市
香格里拉,香格里拉市,云南,香格里拉市
兴平,兴平市,陕西,兴平市
彬州,彬州市,陕西,彬州市
韩城,韩城市,陕西,韩城市
华阴,华阴市,陕西,华阴市
子长,子长市,陕西,子长市
神木,神木市,陕西,神木市
华亭,华亭市,甘肃,华亭市
玉门,玉门市,甘肃,玉门市
敦煌,敦煌市,甘肃,敦煌市
合作,合作市,甘肃,合作市
同仁,同仁市,青海,同仁市
格尔木,格尔木市,青海,格尔木市
德令哈,德令哈市,青海,德令哈市
茫崖,茫崖市,青海,茫崖市
灵武,灵武市,宁夏,灵武市
青铜峡,青铜峡市,宁夏,青铜峡市
阜康,阜康市,新疆,阜康市
博乐,博乐市,新疆,博乐市
阿拉山口,阿拉山口市,新疆,阿拉山口市
库尔勒,库尔勒市,新疆,库尔勒市
库车,库车市,新疆,库车市
阿图什,阿图什市,新疆,阿图什市
伊宁,伊宁市,新疆,伊宁市
奎屯,奎屯市,新疆,奎屯市
霍尔果斯,霍尔果斯市,新疆,霍尔果斯市
乌苏,乌苏市,新疆,乌苏市
石河子,石河子市,新疆,石河子市
阿拉尔,阿拉尔市,新疆,阿拉尔市
图木舒克,图木舒克市,新疆,图木舒克市
五家渠,五家渠市,新疆,五家渠市
北屯,北屯市,新疆,北屯市
铁门关,铁门关市,新疆,铁门关市
双河,双河市,新疆,双河市
可克达拉,可克达拉市,新疆,可克达拉市
昆玉,昆玉市,新疆,昆玉市
胡杨河,胡杨河市,新疆,胡杨河市
新星,新星市,新疆,新星市
祁阳,祁阳市,湖南,祁阳市
横州,横州市,广西,横州市
会理,会理市,四川,会理市
黔西,黔西市,贵州,黔西市
禄丰,禄丰市,云南,禄丰市
旬阳,旬阳市,陕西,旬阳市
沙湾,沙湾市,新疆,沙湾市
